{
  "id": "2187952",
  "name": "mini_app",
  "font_family": "iconfont",
  "css_prefix_text": "icon-",
  "description": "",
  "glyphs": [
    {
      "icon_id": "248925",
      "name": "down",
      "font_class": "down1",
      "unicode": "e664",
      "unicode_decimal": 58980
    },
    {
      "icon_id": "1294649",
      "name": "位置",
      "font_class": "weizhi",
      "unicode": "e628",
      "unicode_decimal": 58920
    },
    {
      "icon_id": "551841",
      "name": "省略号",
      "font_class": "more",
      "unicode": "e637",
      "unicode_decimal": 58935
    },
    {
      "icon_id": "3176645",
      "name": "GitHub",
      "font_class": "GitHub",
      "unicode": "ea0a",
      "unicode_decimal": 59914
    },
    {
      "icon_id": "3507053",
      "name": "Facebook",
      "font_class": "Facebook",
      "unicode": "e601",
      "unicode_decimal": 58881
    },
    {
      "icon_id": "9186709",
      "name": "微信",
      "font_class": "weixin",
      "unicode": "e665",
      "unicode_decimal": 58981
    },
    {
      "icon_id": "9186712",
      "name": "微博",
      "font_class": "weibo",
      "unicode": "e666",
      "unicode_decimal": 58982
    },
    {
      "icon_id": "9306760",
      "name": "twitter",
      "font_class": "twitter",
      "unicode": "e68d",
      "unicode_decimal": 59021
    },
    {
      "icon_id": "479409",
      "name": "箭头",
      "font_class": "jiantou",
      "unicode": "e618",
      "unicode_decimal": 58904
    },
    {
      "icon_id": "1393637",
      "name": "down",
      "font_class": "down",
      "unicode": "e6e9",
      "unicode_decimal": 59113
    },
    {
      "icon_id": "569478",
      "name": "home",
      "font_class": "home",
      "unicode": "e617",
      "unicode_decimal": 58903
    },
    {
      "icon_id": "1817767",
      "name": "live",
      "font_class": "live",
      "unicode": "e62f",
      "unicode_decimal": 58927
    },
    {
      "icon_id": "2142861",
      "name": "radio",
      "font_class": "radio",
      "unicode": "e6b5",
      "unicode_decimal": 59061
    },
    {
      "icon_id": "10917767",
      "name": "play-list-line",
      "font_class": "play-list-line",
      "unicode": "e72f",
      "unicode_decimal": 59183
    },
    {
      "icon_id": "13189982",
      "name": "list",
      "font_class": "list",
      "unicode": "e600",
      "unicode_decimal": 58880
    },
    {
      "icon_id": "17412606",
      "name": "Recommended",
      "font_class": "Recommended",
      "unicode": "e6c7",
      "unicode_decimal": 59079
    }
  ]
}
