{
    "total_count": 421,
    "incomplete_results": false,
    "items": [
        {
            "login": "xpro",
            "id": 719467,
            "node_id": "MDQ6VXNlcjcxOTQ2Nw==",
            "avatar_url": "https://avatars0.githubusercontent.com/u/719467?v=4",
            "gravatar_id": "",
            "url": "https://api.github.com/users/xpro",
            "html_url": "https://github.com/xpro",
            "followers_url": "https://api.github.com/users/xpro/followers",
            "following_url": "https://api.github.com/users/xpro/following{/other_user}",
            "gists_url": "https://api.github.com/users/xpro/gists{/gist_id}",
            "starred_url": "https://api.github.com/users/xpro/starred{/owner}{/repo}",
            "subscriptions_url": "https://api.github.com/users/xpro/subscriptions",
            "organizations_url": "https://api.github.com/users/xpro/orgs",
            "repos_url": "https://api.github.com/users/xpro/repos",
            "events_url": "https://api.github.com/users/xpro/events{/privacy}",
            "received_events_url": "https://api.github.com/users/xpro/received_events",
            "type": "User",
            "site_admin": false,
            "score": 1
        },
        {
            "login": "xpromise",
            "id": 30899542,
            "node_id": "MDQ6VXNlcjMwODk5NTQy",
            "avatar_url": "https://avatars1.githubusercontent.com/u/30899542?v=4",
            "gravatar_id": "",
            "url": "https://api.github.com/users/xpromise",
            "html_url": "https://github.com/xpromise",
            "followers_url": "https://api.github.com/users/xpromise/followers",
            "following_url": "https://api.github.com/users/xpromise/following{/other_user}",
            "gists_url": "https://api.github.com/users/xpromise/gists{/gist_id}",
            "starred_url": "https://api.github.com/users/xpromise/starred{/owner}{/repo}",
            "subscriptions_url": "https://api.github.com/users/xpromise/subscriptions",
            "organizations_url": "https://api.github.com/users/xpromise/orgs",
            "repos_url": "https://api.github.com/users/xpromise/repos",
            "events_url": "https://api.github.com/users/xpromise/events{/privacy}",
            "received_events_url": "https://api.github.com/users/xpromise/received_events",
            "type": "User",
            "site_admin": false,
            "score": 1
        },
        {
            "login": "XProger",
            "id": 796763,
            "node_id": "MDQ6VXNlcjc5Njc2Mw==",
            "avatar_url": "https://avatars1.githubusercontent.com/u/796763?v=4",
            "gravatar_id": "",
            "url": "https://api.github.com/users/XProger",
            "html_url": "https://github.com/XProger",
            "followers_url": "https://api.github.com/users/XProger/followers",
            "following_url": "https://api.github.com/users/XProger/following{/other_user}",
            "gists_url": "https://api.github.com/users/XProger/gists{/gist_id}",
            "starred_url": "https://api.github.com/users/XProger/starred{/owner}{/repo}",
            "subscriptions_url": "https://api.github.com/users/XProger/subscriptions",
            "organizations_url": "https://api.github.com/users/XProger/orgs",
            "repos_url": "https://api.github.com/users/XProger/repos",
            "events_url": "https://api.github.com/users/XProger/events{/privacy}",
            "received_events_url": "https://api.github.com/users/XProger/received_events",
            "type": "User",
            "site_admin": false,
            "score": 1
        },
        {
            "login": "xprogrammerx",
            "id": 5405999,
            "node_id": "MDQ6VXNlcjU0MDU5OTk=",
            "avatar_url": "https://avatars1.githubusercontent.com/u/5405999?v=4",
            "gravatar_id": "",
            "url": "https://api.github.com/users/xprogrammerx",
            "html_url": "https://github.com/xprogrammerx",
            "followers_url": "https://api.github.com/users/xprogrammerx/followers",
            "following_url": "https://api.github.com/users/xprogrammerx/following{/other_user}",
            "gists_url": "https://api.github.com/users/xprogrammerx/gists{/gist_id}",
            "starred_url": "https://api.github.com/users/xprogrammerx/starred{/owner}{/repo}",
            "subscriptions_url": "https://api.github.com/users/xprogrammerx/subscriptions",
            "organizations_url": "https://api.github.com/users/xprogrammerx/orgs",
            "repos_url": "https://api.github.com/users/xprogrammerx/repos",
            "events_url": "https://api.github.com/users/xprogrammerx/events{/privacy}",
            "received_events_url": "https://api.github.com/users/xprogrammerx/received_events",
            "type": "User",
            "site_admin": false,
            "score": 1
        },
        {
            "login": "xproctor90",
            "id": 28279923,
            "node_id": "MDQ6VXNlcjI4Mjc5OTIz",
            "avatar_url": "https://avatars1.githubusercontent.com/u/28279923?v=4",
            "gravatar_id": "",
            "url": "https://api.github.com/users/xproctor90",
            "html_url": "https://github.com/xproctor90",
            "followers_url": "https://api.github.com/users/xproctor90/followers",
            "following_url": "https://api.github.com/users/xproctor90/following{/other_user}",
            "gists_url": "https://api.github.com/users/xproctor90/gists{/gist_id}",
            "starred_url": "https://api.github.com/users/xproctor90/starred{/owner}{/repo}",
            "subscriptions_url": "https://api.github.com/users/xproctor90/subscriptions",
            "organizations_url": "https://api.github.com/users/xproctor90/orgs",
            "repos_url": "https://api.github.com/users/xproctor90/repos",
            "events_url": "https://api.github.com/users/xproctor90/events{/privacy}",
            "received_events_url": "https://api.github.com/users/xproctor90/received_events",
            "type": "User",
            "site_admin": false,
            "score": 1
        },
        {
            "login": "xProgrammer-007",
            "id": 26807518,
            "node_id": "MDQ6VXNlcjI2ODA3NTE4",
            "avatar_url": "https://avatars2.githubusercontent.com/u/26807518?v=4",
            "gravatar_id": "",
            "url": "https://api.github.com/users/xProgrammer-007",
            "html_url": "https://github.com/xProgrammer-007",
            "followers_url": "https://api.github.com/users/xProgrammer-007/followers",
            "following_url": "https://api.github.com/users/xProgrammer-007/following{/other_user}",
            "gists_url": "https://api.github.com/users/xProgrammer-007/gists{/gist_id}",
            "starred_url": "https://api.github.com/users/xProgrammer-007/starred{/owner}{/repo}",
            "subscriptions_url": "https://api.github.com/users/xProgrammer-007/subscriptions",
            "organizations_url": "https://api.github.com/users/xProgrammer-007/orgs",
            "repos_url": "https://api.github.com/users/xProgrammer-007/repos",
            "events_url": "https://api.github.com/users/xProgrammer-007/events{/privacy}",
            "received_events_url": "https://api.github.com/users/xProgrammer-007/received_events",
            "type": "User",
            "site_admin": false,
            "score": 1
        },
        {
            "login": "xprogram",
            "id": 13587798,
            "node_id": "MDQ6VXNlcjEzNTg3Nzk4",
            "avatar_url": "https://avatars0.githubusercontent.com/u/13587798?v=4",
            "gravatar_id": "",
            "url": "https://api.github.com/users/xprogram",
            "html_url": "https://github.com/xprogram",
            "followers_url": "https://api.github.com/users/xprogram/followers",
            "following_url": "https://api.github.com/users/xprogram/following{/other_user}",
            "gists_url": "https://api.github.com/users/xprogram/gists{/gist_id}",
            "starred_url": "https://api.github.com/users/xprogram/starred{/owner}{/repo}",
            "subscriptions_url": "https://api.github.com/users/xprogram/subscriptions",
            "organizations_url": "https://api.github.com/users/xprogram/orgs",
            "repos_url": "https://api.github.com/users/xprogram/repos",
            "events_url": "https://api.github.com/users/xprogram/events{/privacy}",
            "received_events_url": "https://api.github.com/users/xprogram/received_events",
            "type": "User",
            "site_admin": false,
            "score": 1
        },
        {
            "login": "xprogramer",
            "id": 14372865,
            "node_id": "MDQ6VXNlcjE0MzcyODY1",
            "avatar_url": "https://avatars0.githubusercontent.com/u/14372865?v=4",
            "gravatar_id": "",
            "url": "https://api.github.com/users/xprogramer",
            "html_url": "https://github.com/xprogramer",
            "followers_url": "https://api.github.com/users/xprogramer/followers",
            "following_url": "https://api.github.com/users/xprogramer/following{/other_user}",
            "gists_url": "https://api.github.com/users/xprogramer/gists{/gist_id}",
            "starred_url": "https://api.github.com/users/xprogramer/starred{/owner}{/repo}",
            "subscriptions_url": "https://api.github.com/users/xprogramer/subscriptions",
            "organizations_url": "https://api.github.com/users/xprogramer/orgs",
            "repos_url": "https://api.github.com/users/xprogramer/repos",
            "events_url": "https://api.github.com/users/xprogramer/events{/privacy}",
            "received_events_url": "https://api.github.com/users/xprogramer/received_events",
            "type": "User",
            "site_admin": false,
            "score": 1
        },
        {
            "login": "xPromate",
            "id": 33834978,
            "node_id": "MDQ6VXNlcjMzODM0OTc4",
            "avatar_url": "https://avatars0.githubusercontent.com/u/33834978?v=4",
            "gravatar_id": "",
            "url": "https://api.github.com/users/xPromate",
            "html_url": "https://github.com/xPromate",
            "followers_url": "https://api.github.com/users/xPromate/followers",
            "following_url": "https://api.github.com/users/xPromate/following{/other_user}",
            "gists_url": "https://api.github.com/users/xPromate/gists{/gist_id}",
            "starred_url": "https://api.github.com/users/xPromate/starred{/owner}{/repo}",
            "subscriptions_url": "https://api.github.com/users/xPromate/subscriptions",
            "organizations_url": "https://api.github.com/users/xPromate/orgs",
            "repos_url": "https://api.github.com/users/xPromate/repos",
            "events_url": "https://api.github.com/users/xPromate/events{/privacy}",
            "received_events_url": "https://api.github.com/users/xPromate/received_events",
            "type": "User",
            "site_admin": false,
            "score": 1
        },
        {
            "login": "xpromx",
            "id": 2293792,
            "node_id": "MDQ6VXNlcjIyOTM3OTI=",
            "avatar_url": "https://avatars1.githubusercontent.com/u/2293792?v=4",
            "gravatar_id": "",
            "url": "https://api.github.com/users/xpromx",
            "html_url": "https://github.com/xpromx",
            "followers_url": "https://api.github.com/users/xpromx/followers",
            "following_url": "https://api.github.com/users/xpromx/following{/other_user}",
            "gists_url": "https://api.github.com/users/xpromx/gists{/gist_id}",
            "starred_url": "https://api.github.com/users/xpromx/starred{/owner}{/repo}",
            "subscriptions_url": "https://api.github.com/users/xpromx/subscriptions",
            "organizations_url": "https://api.github.com/users/xpromx/orgs",
            "repos_url": "https://api.github.com/users/xpromx/repos",
            "events_url": "https://api.github.com/users/xpromx/events{/privacy}",
            "received_events_url": "https://api.github.com/users/xpromx/received_events",
            "type": "User",
            "site_admin": false,
            "score": 1
        },
        {
            "login": "xprom",
            "id": 2700584,
            "node_id": "MDQ6VXNlcjI3MDA1ODQ=",
            "avatar_url": "https://avatars1.githubusercontent.com/u/2700584?v=4",
            "gravatar_id": "",
            "url": "https://api.github.com/users/xprom",
            "html_url": "https://github.com/xprom",
            "followers_url": "https://api.github.com/users/xprom/followers",
            "following_url": "https://api.github.com/users/xprom/following{/other_user}",
            "gists_url": "https://api.github.com/users/xprom/gists{/gist_id}",
            "starred_url": "https://api.github.com/users/xprom/starred{/owner}{/repo}",
            "subscriptions_url": "https://api.github.com/users/xprom/subscriptions",
            "organizations_url": "https://api.github.com/users/xprom/orgs",
            "repos_url": "https://api.github.com/users/xprom/repos",
            "events_url": "https://api.github.com/users/xprom/events{/privacy}",
            "received_events_url": "https://api.github.com/users/xprom/received_events",
            "type": "User",
            "site_admin": false,
            "score": 1
        },
        {
            "login": "xpros",
            "id": 2976088,
            "node_id": "MDQ6VXNlcjI5NzYwODg=",
            "avatar_url": "https://avatars2.githubusercontent.com/u/2976088?v=4",
            "gravatar_id": "",
            "url": "https://api.github.com/users/xpros",
            "html_url": "https://github.com/xpros",
            "followers_url": "https://api.github.com/users/xpros/followers",
            "following_url": "https://api.github.com/users/xpros/following{/other_user}",
            "gists_url": "https://api.github.com/users/xpros/gists{/gist_id}",
            "starred_url": "https://api.github.com/users/xpros/starred{/owner}{/repo}",
            "subscriptions_url": "https://api.github.com/users/xpros/subscriptions",
            "organizations_url": "https://api.github.com/users/xpros/orgs",
            "repos_url": "https://api.github.com/users/xpros/repos",
            "events_url": "https://api.github.com/users/xpros/events{/privacy}",
            "received_events_url": "https://api.github.com/users/xpros/received_events",
            "type": "User",
            "site_admin": false,
            "score": 1
        },
        {
            "login": "xpromache",
            "id": 909383,
            "node_id": "MDQ6VXNlcjkwOTM4Mw==",
            "avatar_url": "https://avatars2.githubusercontent.com/u/909383?v=4",
            "gravatar_id": "",
            "url": "https://api.github.com/users/xpromache",
            "html_url": "https://github.com/xpromache",
            "followers_url": "https://api.github.com/users/xpromache/followers",
            "following_url": "https://api.github.com/users/xpromache/following{/other_user}",
            "gists_url": "https://api.github.com/users/xpromache/gists{/gist_id}",
            "starred_url": "https://api.github.com/users/xpromache/starred{/owner}{/repo}",
            "subscriptions_url": "https://api.github.com/users/xpromache/subscriptions",
            "organizations_url": "https://api.github.com/users/xpromache/orgs",
            "repos_url": "https://api.github.com/users/xpromache/repos",
            "events_url": "https://api.github.com/users/xpromache/events{/privacy}",
            "received_events_url": "https://api.github.com/users/xpromache/received_events",
            "type": "User",
            "site_admin": false,
            "score": 1
        },
        {
            "login": "bianvigano1",
            "id": 34676028,
            "node_id": "MDQ6VXNlcjM0Njc2MDI4",
            "avatar_url": "https://avatars1.githubusercontent.com/u/34676028?v=4",
            "gravatar_id": "",
            "url": "https://api.github.com/users/bianvigano1",
            "html_url": "https://github.com/bianvigano1",
            "followers_url": "https://api.github.com/users/bianvigano1/followers",
            "following_url": "https://api.github.com/users/bianvigano1/following{/other_user}",
            "gists_url": "https://api.github.com/users/bianvigano1/gists{/gist_id}",
            "starred_url": "https://api.github.com/users/bianvigano1/starred{/owner}{/repo}",
            "subscriptions_url": "https://api.github.com/users/bianvigano1/subscriptions",
            "organizations_url": "https://api.github.com/users/bianvigano1/orgs",
            "repos_url": "https://api.github.com/users/bianvigano1/repos",
            "events_url": "https://api.github.com/users/bianvigano1/events{/privacy}",
            "received_events_url": "https://api.github.com/users/bianvigano1/received_events",
            "type": "User",
            "site_admin": false,
            "score": 1
        },
        {
            "login": "team-shunya",
            "id": 13086884,
            "node_id": "MDEyOk9yZ2FuaXphdGlvbjEzMDg2ODg0",
            "avatar_url": "https://avatars3.githubusercontent.com/u/13086884?v=4",
            "gravatar_id": "",
            "url": "https://api.github.com/users/team-shunya",
            "html_url": "https://github.com/team-shunya",
            "followers_url": "https://api.github.com/users/team-shunya/followers",
            "following_url": "https://api.github.com/users/team-shunya/following{/other_user}",
            "gists_url": "https://api.github.com/users/team-shunya/gists{/gist_id}",
            "starred_url": "https://api.github.com/users/team-shunya/starred{/owner}{/repo}",
            "subscriptions_url": "https://api.github.com/users/team-shunya/subscriptions",
            "organizations_url": "https://api.github.com/users/team-shunya/orgs",
            "repos_url": "https://api.github.com/users/team-shunya/repos",
            "events_url": "https://api.github.com/users/team-shunya/events{/privacy}",
            "received_events_url": "https://api.github.com/users/team-shunya/received_events",
            "type": "Organization",
            "site_admin": false,
            "score": 1
        },
        {
            "login": "xprotobeast2",
            "id": 16158428,
            "node_id": "MDQ6VXNlcjE2MTU4NDI4",
            "avatar_url": "https://avatars1.githubusercontent.com/u/16158428?v=4",
            "gravatar_id": "",
            "url": "https://api.github.com/users/xprotobeast2",
            "html_url": "https://github.com/xprotobeast2",
            "followers_url": "https://api.github.com/users/xprotobeast2/followers",
            "following_url": "https://api.github.com/users/xprotobeast2/following{/other_user}",
            "gists_url": "https://api.github.com/users/xprotobeast2/gists{/gist_id}",
            "starred_url": "https://api.github.com/users/xprotobeast2/starred{/owner}{/repo}",
            "subscriptions_url": "https://api.github.com/users/xprotobeast2/subscriptions",
            "organizations_url": "https://api.github.com/users/xprotobeast2/orgs",
            "repos_url": "https://api.github.com/users/xprotobeast2/repos",
            "events_url": "https://api.github.com/users/xprotobeast2/events{/privacy}",
            "received_events_url": "https://api.github.com/users/xprotobeast2/received_events",
            "type": "User",
            "site_admin": false,
            "score": 1
        },
        {
            "login": "xproj2501x",
            "id": 1891055,
            "node_id": "MDQ6VXNlcjE4OTEwNTU=",
            "avatar_url": "https://avatars1.githubusercontent.com/u/1891055?v=4",
            "gravatar_id": "",
            "url": "https://api.github.com/users/xproj2501x",
            "html_url": "https://github.com/xproj2501x",
            "followers_url": "https://api.github.com/users/xproj2501x/followers",
            "following_url": "https://api.github.com/users/xproj2501x/following{/other_user}",
            "gists_url": "https://api.github.com/users/xproj2501x/gists{/gist_id}",
            "starred_url": "https://api.github.com/users/xproj2501x/starred{/owner}{/repo}",
            "subscriptions_url": "https://api.github.com/users/xproj2501x/subscriptions",
            "organizations_url": "https://api.github.com/users/xproj2501x/orgs",
            "repos_url": "https://api.github.com/users/xproj2501x/repos",
            "events_url": "https://api.github.com/users/xproj2501x/events{/privacy}",
            "received_events_url": "https://api.github.com/users/xproj2501x/received_events",
            "type": "User",
            "site_admin": false,
            "score": 1
        },
        {
            "login": "xprocessing",
            "id": 78178,
            "node_id": "MDQ6VXNlcjc4MTc4",
            "avatar_url": "https://avatars3.githubusercontent.com/u/78178?v=4",
            "gravatar_id": "",
            "url": "https://api.github.com/users/xprocessing",
            "html_url": "https://github.com/xprocessing",
            "followers_url": "https://api.github.com/users/xprocessing/followers",
            "following_url": "https://api.github.com/users/xprocessing/following{/other_user}",
            "gists_url": "https://api.github.com/users/xprocessing/gists{/gist_id}",
            "starred_url": "https://api.github.com/users/xprocessing/starred{/owner}{/repo}",
            "subscriptions_url": "https://api.github.com/users/xprocessing/subscriptions",
            "organizations_url": "https://api.github.com/users/xprocessing/orgs",
            "repos_url": "https://api.github.com/users/xprocessing/repos",
            "events_url": "https://api.github.com/users/xprocessing/events{/privacy}",
            "received_events_url": "https://api.github.com/users/xprocessing/received_events",
            "type": "User",
            "site_admin": false,
            "score": 1
        },
        {
            "login": "XProduct",
            "id": 1709895,
            "node_id": "MDQ6VXNlcjE3MDk4OTU=",
            "avatar_url": "https://avatars2.githubusercontent.com/u/1709895?v=4",
            "gravatar_id": "",
            "url": "https://api.github.com/users/XProduct",
            "html_url": "https://github.com/XProduct",
            "followers_url": "https://api.github.com/users/XProduct/followers",
            "following_url": "https://api.github.com/users/XProduct/following{/other_user}",
            "gists_url": "https://api.github.com/users/XProduct/gists{/gist_id}",
            "starred_url": "https://api.github.com/users/XProduct/starred{/owner}{/repo}",
            "subscriptions_url": "https://api.github.com/users/XProduct/subscriptions",
            "organizations_url": "https://api.github.com/users/XProduct/orgs",
            "repos_url": "https://api.github.com/users/XProduct/repos",
            "events_url": "https://api.github.com/users/XProduct/events{/privacy}",
            "received_events_url": "https://api.github.com/users/XProduct/received_events",
            "type": "User",
            "site_admin": false,
            "score": 1
        },
        {
            "login": "XProtocol0",
            "id": 10635191,
            "node_id": "MDQ6VXNlcjEwNjM1MTkx",
            "avatar_url": "https://avatars1.githubusercontent.com/u/10635191?v=4",
            "gravatar_id": "",
            "url": "https://api.github.com/users/XProtocol0",
            "html_url": "https://github.com/XProtocol0",
            "followers_url": "https://api.github.com/users/XProtocol0/followers",
            "following_url": "https://api.github.com/users/XProtocol0/following{/other_user}",
            "gists_url": "https://api.github.com/users/XProtocol0/gists{/gist_id}",
            "starred_url": "https://api.github.com/users/XProtocol0/starred{/owner}{/repo}",
            "subscriptions_url": "https://api.github.com/users/XProtocol0/subscriptions",
            "organizations_url": "https://api.github.com/users/XProtocol0/orgs",
            "repos_url": "https://api.github.com/users/XProtocol0/repos",
            "events_url": "https://api.github.com/users/XProtocol0/events{/privacy}",
            "received_events_url": "https://api.github.com/users/XProtocol0/received_events",
            "type": "User",
            "site_admin": false,
            "score": 1
        },
        {
            "login": "xprovoke",
            "id": 24476005,
            "node_id": "MDQ6VXNlcjI0NDc2MDA1",
            "avatar_url": "https://avatars1.githubusercontent.com/u/24476005?v=4",
            "gravatar_id": "",
            "url": "https://api.github.com/users/xprovoke",
            "html_url": "https://github.com/xprovoke",
            "followers_url": "https://api.github.com/users/xprovoke/followers",
            "following_url": "https://api.github.com/users/xprovoke/following{/other_user}",
            "gists_url": "https://api.github.com/users/xprovoke/gists{/gist_id}",
            "starred_url": "https://api.github.com/users/xprovoke/starred{/owner}{/repo}",
            "subscriptions_url": "https://api.github.com/users/xprovoke/subscriptions",
            "organizations_url": "https://api.github.com/users/xprovoke/orgs",
            "repos_url": "https://api.github.com/users/xprovoke/repos",
            "events_url": "https://api.github.com/users/xprovoke/events{/privacy}",
            "received_events_url": "https://api.github.com/users/xprovoke/received_events",
            "type": "User",
            "site_admin": false,
            "score": 1
        },
        {
            "login": "xProga",
            "id": 20217768,
            "node_id": "MDQ6VXNlcjIwMjE3NzY4",
            "avatar_url": "https://avatars2.githubusercontent.com/u/20217768?v=4",
            "gravatar_id": "",
            "url": "https://api.github.com/users/xProga",
            "html_url": "https://github.com/xProga",
            "followers_url": "https://api.github.com/users/xProga/followers",
            "following_url": "https://api.github.com/users/xProga/following{/other_user}",
            "gists_url": "https://api.github.com/users/xProga/gists{/gist_id}",
            "starred_url": "https://api.github.com/users/xProga/starred{/owner}{/repo}",
            "subscriptions_url": "https://api.github.com/users/xProga/subscriptions",
            "organizations_url": "https://api.github.com/users/xProga/orgs",
            "repos_url": "https://api.github.com/users/xProga/repos",
            "events_url": "https://api.github.com/users/xProga/events{/privacy}",
            "received_events_url": "https://api.github.com/users/xProga/received_events",
            "type": "User",
            "site_admin": false,
            "score": 1
        },
        {
            "login": "xproc",
            "id": 6548219,
            "node_id": "MDEyOk9yZ2FuaXphdGlvbjY1NDgyMTk=",
            "avatar_url": "https://avatars0.githubusercontent.com/u/6548219?v=4",
            "gravatar_id": "",
            "url": "https://api.github.com/users/xproc",
            "html_url": "https://github.com/xproc",
            "followers_url": "https://api.github.com/users/xproc/followers",
            "following_url": "https://api.github.com/users/xproc/following{/other_user}",
            "gists_url": "https://api.github.com/users/xproc/gists{/gist_id}",
            "starred_url": "https://api.github.com/users/xproc/starred{/owner}{/repo}",
            "subscriptions_url": "https://api.github.com/users/xproc/subscriptions",
            "organizations_url": "https://api.github.com/users/xproc/orgs",
            "repos_url": "https://api.github.com/users/xproc/repos",
            "events_url": "https://api.github.com/users/xproc/events{/privacy}",
            "received_events_url": "https://api.github.com/users/xproc/received_events",
            "type": "Organization",
            "site_admin": false,
            "score": 1
        },
        {
            "login": "denicypro",
            "id": 60960439,
            "node_id": "MDQ6VXNlcjYwOTYwNDM5",
            "avatar_url": "https://avatars0.githubusercontent.com/u/60960439?v=4",
            "gravatar_id": "",
            "url": "https://api.github.com/users/denicypro",
            "html_url": "https://github.com/denicypro",
            "followers_url": "https://api.github.com/users/denicypro/followers",
            "following_url": "https://api.github.com/users/denicypro/following{/other_user}",
            "gists_url": "https://api.github.com/users/denicypro/gists{/gist_id}",
            "starred_url": "https://api.github.com/users/denicypro/starred{/owner}{/repo}",
            "subscriptions_url": "https://api.github.com/users/denicypro/subscriptions",
            "organizations_url": "https://api.github.com/users/denicypro/orgs",
            "repos_url": "https://api.github.com/users/denicypro/repos",
            "events_url": "https://api.github.com/users/denicypro/events{/privacy}",
            "received_events_url": "https://api.github.com/users/denicypro/received_events",
            "type": "User",
            "site_admin": false,
            "score": 1
        },
        {
            "login": "xprooject",
            "id": 47676422,
            "node_id": "MDQ6VXNlcjQ3Njc2NDIy",
            "avatar_url": "https://avatars1.githubusercontent.com/u/47676422?v=4",
            "gravatar_id": "",
            "url": "https://api.github.com/users/xprooject",
            "html_url": "https://github.com/xprooject",
            "followers_url": "https://api.github.com/users/xprooject/followers",
            "following_url": "https://api.github.com/users/xprooject/following{/other_user}",
            "gists_url": "https://api.github.com/users/xprooject/gists{/gist_id}",
            "starred_url": "https://api.github.com/users/xprooject/starred{/owner}{/repo}",
            "subscriptions_url": "https://api.github.com/users/xprooject/subscriptions",
            "organizations_url": "https://api.github.com/users/xprooject/orgs",
            "repos_url": "https://api.github.com/users/xprooject/repos",
            "events_url": "https://api.github.com/users/xprooject/events{/privacy}",
            "received_events_url": "https://api.github.com/users/xprooject/received_events",
            "type": "User",
            "site_admin": false,
            "score": 1
        },
        {
            "login": "XproMichael",
            "id": 37166058,
            "node_id": "MDQ6VXNlcjM3MTY2MDU4",
            "avatar_url": "https://avatars2.githubusercontent.com/u/37166058?v=4",
            "gravatar_id": "",
            "url": "https://api.github.com/users/XproMichael",
            "html_url": "https://github.com/XproMichael",
            "followers_url": "https://api.github.com/users/XproMichael/followers",
            "following_url": "https://api.github.com/users/XproMichael/following{/other_user}",
            "gists_url": "https://api.github.com/users/XproMichael/gists{/gist_id}",
            "starred_url": "https://api.github.com/users/XproMichael/starred{/owner}{/repo}",
            "subscriptions_url": "https://api.github.com/users/XproMichael/subscriptions",
            "organizations_url": "https://api.github.com/users/XproMichael/orgs",
            "repos_url": "https://api.github.com/users/XproMichael/repos",
            "events_url": "https://api.github.com/users/XproMichael/events{/privacy}",
            "received_events_url": "https://api.github.com/users/XproMichael/received_events",
            "type": "User",
            "site_admin": false,
            "score": 1
        },
        {
            "login": "xprocoders",
            "id": 12037113,
            "node_id": "MDEyOk9yZ2FuaXphdGlvbjEyMDM3MTEz",
            "avatar_url": "https://avatars3.githubusercontent.com/u/12037113?v=4",
            "gravatar_id": "",
            "url": "https://api.github.com/users/xprocoders",
            "html_url": "https://github.com/xprocoders",
            "followers_url": "https://api.github.com/users/xprocoders/followers",
            "following_url": "https://api.github.com/users/xprocoders/following{/other_user}",
            "gists_url": "https://api.github.com/users/xprocoders/gists{/gist_id}",
            "starred_url": "https://api.github.com/users/xprocoders/starred{/owner}{/repo}",
            "subscriptions_url": "https://api.github.com/users/xprocoders/subscriptions",
            "organizations_url": "https://api.github.com/users/xprocoders/orgs",
            "repos_url": "https://api.github.com/users/xprocoders/repos",
            "events_url": "https://api.github.com/users/xprocoders/events{/privacy}",
            "received_events_url": "https://api.github.com/users/xprocoders/received_events",
            "type": "Organization",
            "site_admin": false,
            "score": 1
        },
        {
            "login": "xpromar",
            "id": 16188998,
            "node_id": "MDQ6VXNlcjE2MTg4OTk4",
            "avatar_url": "https://avatars1.githubusercontent.com/u/16188998?v=4",
            "gravatar_id": "",
            "url": "https://api.github.com/users/xpromar",
            "html_url": "https://github.com/xpromar",
            "followers_url": "https://api.github.com/users/xpromar/followers",
            "following_url": "https://api.github.com/users/xpromar/following{/other_user}",
            "gists_url": "https://api.github.com/users/xpromar/gists{/gist_id}",
            "starred_url": "https://api.github.com/users/xpromar/starred{/owner}{/repo}",
            "subscriptions_url": "https://api.github.com/users/xpromar/subscriptions",
            "organizations_url": "https://api.github.com/users/xpromar/orgs",
            "repos_url": "https://api.github.com/users/xpromar/repos",
            "events_url": "https://api.github.com/users/xpromar/events{/privacy}",
            "received_events_url": "https://api.github.com/users/xpromar/received_events",
            "type": "User",
            "site_admin": false,
            "score": 1
        },
        {
            "login": "xprov",
            "id": 778840,
            "node_id": "MDQ6VXNlcjc3ODg0MA==",
            "avatar_url": "https://avatars3.githubusercontent.com/u/778840?v=4",
            "gravatar_id": "",
            "url": "https://api.github.com/users/xprov",
            "html_url": "https://github.com/xprov",
            "followers_url": "https://api.github.com/users/xprov/followers",
            "following_url": "https://api.github.com/users/xprov/following{/other_user}",
            "gists_url": "https://api.github.com/users/xprov/gists{/gist_id}",
            "starred_url": "https://api.github.com/users/xprov/starred{/owner}{/repo}",
            "subscriptions_url": "https://api.github.com/users/xprov/subscriptions",
            "organizations_url": "https://api.github.com/users/xprov/orgs",
            "repos_url": "https://api.github.com/users/xprov/repos",
            "events_url": "https://api.github.com/users/xprov/events{/privacy}",
            "received_events_url": "https://api.github.com/users/xprov/received_events",
            "type": "User",
            "site_admin": false,
            "score": 1
        },
        {
            "login": "xprolog",
            "id": 29454349,
            "node_id": "MDQ6VXNlcjI5NDU0MzQ5",
            "avatar_url": "https://avatars3.githubusercontent.com/u/29454349?v=4",
            "gravatar_id": "",
            "url": "https://api.github.com/users/xprolog",
            "html_url": "https://github.com/xprolog",
            "followers_url": "https://api.github.com/users/xprolog/followers",
            "following_url": "https://api.github.com/users/xprolog/following{/other_user}",
            "gists_url": "https://api.github.com/users/xprolog/gists{/gist_id}",
            "starred_url": "https://api.github.com/users/xprolog/starred{/owner}{/repo}",
            "subscriptions_url": "https://api.github.com/users/xprolog/subscriptions",
            "organizations_url": "https://api.github.com/users/xprolog/orgs",
            "repos_url": "https://api.github.com/users/xprolog/repos",
            "events_url": "https://api.github.com/users/xprolog/events{/privacy}",
            "received_events_url": "https://api.github.com/users/xprolog/received_events",
            "type": "User",
            "site_admin": false,
            "score": 1
        }
    ]
}